hour,kind,temperature_value,free_so4_value,acid_strength_weak_value,acid_strength_value,product_rate_value,filter_rate_value,mill_power_value,p80_value,bed_moisture_value,granulator_temperature_value,mill_inventory_value,fouling_pct_value,acid_flow_percent,ammonia_flow_percent,cooling_water_percent,mill_feed_percent,steam_flow_percent,wash_water_percent
0.0,:mpc,78.0,2.6029,8.696,52.0,127.88,5.8114,2970.4581,150.0,0.063,96.0,176.0,0.6,0.0,0.0,0.0,0.0,0.0,0.0
1.0,:mpc,94.2372,-3.1942,9.32,56.9077,130.209,5.9172,0.0,142.6999,0.1054,85.7477,28.5684,0.6,0.0,0.0,0.0,0.0,0.0,0.0
2.0,:mpc,95.6529,-8.2945,9.717,60.026,130.2121,5.9174,0.0,141.3211,0.1834,82.6517,4.6372,0.6,0.0,0.0,0.0,0.0,0.0,0.0
3.0,:mpc,95.8056,-12.9311,10.0551,62.0079,130.2124,5.9174,0.0,141.0606,0.2591,81.7877,0.7527,0.6,0.0,0.0,0.0,0.0,0.0,0.0
4.0,:mpc,95.8221,-17.0419,10.3398,63.2682,130.2124,5.9174,0.0,141.0115,0.3207,81.6184,0.1222,0.6,0.0,0.0,0.0,0.0,0.0,0.0
5.0,:mpc,95.8239,-20.6058,10.5772,64.07,130.2124,5.9174,0.0,141.0022,0.3667,81.6522,0.0198,0.6,0.0,0.0,0.0,0.0,0.0,0.0
6.0,:mpc,95.824,-23.6358,10.7735,64.5806,130.2124,5.9174,0.0,141.0004,0.3995,81.731,0.0032,0.6,0.0,0.0,0.0,0.0,0.0,0.0
7.0,:mpc,95.8241,-26.1692,10.9349,64.9059,130.2124,5.9174,0.0,141.0001,0.4222,81.8061,0.0005,0.6,0.0,0.0,0.0,0.0,0.0,0.0
8.0,:mpc,95.8241,-28.258,11.0667,65.1135,130.2124,5.9174,0.0,141.0,0.4376,81.8654,0.0001,0.6,0.0,0.0,0.0,0.0,0.0,0.0
9.0,:mpc,95.8241,-29.9603,11.174,65.2461,130.2124,5.9174,0.0,141.0,0.4479,81.9087,0.0,0.6,0.0,0.0,0.0,0.0,0.0,0.0
10.0,:mpc,95.8241,-31.3344,11.261,65.331,130.2124,5.9174,0.0,141.0,0.4547,81.939,0.0,0.6,0.0,0.0,0.0,0.0,0.0,0.0
11.0,:mpc,95.8241,-32.4352,11.3313,65.3854,130.2124,5.9174,0.0,141.0,0.4592,81.9596,0.0,0.6,0.0,0.0,0.0,0.0,0.0,0.0
12.0,:mpc,95.8241,-33.3116,11.3881,65.4204,130.2124,5.9174,0.0,141.0,0.4621,81.9735,0.0,0.6,0.0,0.0,0.0,0.0,0.0,0.0
13.0,:mpc,95.8241,-34.0059,11.4337,65.443,130.2124,5.9174,0.0,141.0,0.464,81.9827,0.0,0.6,0.0,0.0,0.0,0.0,0.0,0.0
14.0,:mpc,95.8241,-34.5539,11.4705,65.4576,130.2124,5.9174,0.0,141.0,0.4652,81.9887,0.0,0.6,0.0,0.0,0.0,0.0,0.0,0.0
15.0,:mpc,95.8241,-34.9851,11.5,65.4672,130.2124,5.9174,0.0,141.0,0.466,81.9926,0.0,0.6,0.0,0.0,0.0,0.0,0.0,0.0
16.0,:mpc,95.8241,-35.3237,11.5236,65.4734,130.2124,5.9174,0.0,141.0,0.4666,81.9952,0.0,0.6,0.0,0.0,0.0,0.0,0.0,0.0
17.0,:mpc,95.8241,-35.589,11.5426,65.4775,130.2124,5.9174,0.0,141.0,0.4669,81.9969,0.0,0.6,0.0,0.0,0.0,0.0,0.0,0.0
18.0,:mpc,95.8241,-35.7966,11.5578,65.4803,130.2124,5.9174,0.0,141.0,0.4671,81.998,0.0,0.6,0.0,0.0,0.0,0.0,0.0,0.0
19.0,:mpc,95.8241,-35.959,11.57,65.4821,130.2124,5.9174,0.0,141.0,0.4673,81.9987,0.0,0.6,0.0,0.0,0.0,0.0,0.0,0.0
20.0,:mpc,95.8241,-36.0858,11.5797,65.4833,130.2124,5.9174,0.0,141.0,0.4674,81.9991,0.0,0.6,0.0,0.0,0.0,0.0,0.0,0.0
21.0,:mpc,95.8241,-36.1849,11.5875,65.4842,130.2124,5.9174,0.0,141.0,0.4674,81.9994,0.0,0.6,0.0,0.0,0.0,0.0,0.0,0.0
22.0,:mpc,95.8241,-36.2622,11.5937,65.4848,130.2124,5.9174,0.0,141.0,0.4675,81.9996,0.0,0.6,0.0,0.0,0.0,0.0,0.0,0.0
23.0,:mpc,95.8241,-36.3226,11.5987,65.4852,130.2124,5.9174,0.0,141.0,0.4675,81.9997,0.0,0.6,0.0,0.0,0.0,0.0,0.0,0.0
24.0,:mpc,95.8241,-36.3697,11.6027,65.4855,130.2124,5.9174,0.0,141.0,0.4675,81.9998,0.0,0.6,0.0,0.0,0.0,0.0,0.0,0.0
25.0,:mpc,95.8241,-36.4065,11.6059,65.4857,130.2124,5.9174,0.0,141.0,0.4676,81.9999,0.0,0.6,0.0,0.0,0.0,0.0,0.0,0.0
26.0,:mpc,95.8241,-36.4352,11.6084,65.4859,130.2124,5.9174,0.0,141.0,0.4676,81.9999,0.0,0.6,0.0,0.0,0.0,0.0,0.0,0.0
27.0,:mpc,95.8241,-36.4577,11.6105,65.486,130.2124,5.9174,0.0,141.0,0.4676,81.9999,0.0,0.6,0.0,0.0,0.0,0.0,0.0,0.0
28.0,:mpc,95.8241,-36.4752,11.6121,65.4861,130.2124,5.9174,0.0,141.0,0.4676,82.0,0.0,0.6,0.0,0.0,0.0,0.0,0.0,0.0
29.0,:mpc,95.8241,-36.4889,11.6134,65.4861,130.2124,5.9174,0.0,141.0,0.4676,82.0,0.0,0.6,0.0,0.0,0.0,0.0,0.0,0.0
30.0,:mpc,95.8241,-36.4996,11.6145,65.4862,130.2124,5.9174,0.0,141.0,0.4676,82.0,0.0,0.6,0.0,0.0,0.0,0.0,0.0,0.0
31.0,:mpc,95.8241,-36.5079,11.6153,65.4862,130.2124,5.9174,0.0,141.0,0.4676,82.0,0.0,0.6,0.0,0.0,0.0,0.0,0.0,0.0
32.0,:mpc,95.8241,-36.5144,11.616,65.4863,130.2124,5.9174,0.0,141.0,0.4676,82.0,0.0,0.6,0.0,0.0,0.0,0.0,0.0,0.0
33.0,:mpc,95.8241,-36.5196,11.6165,65.4863,130.2124,5.9174,0.0,141.0,0.4676,82.0,0.0,0.6,0.0,0.0,0.0,0.0,0.0,0.0
34.0,:mpc,95.8241,-36.5235,11.6169,65.4863,130.2124,5.9174,0.0,141.0,0.4676,82.0,0.0,0.6,0.0,0.0,0.0,0.0,0.0,0.0
35.0,:mpc,95.8241,-36.5267,11.6172,65.4863,130.2124,5.9174,0.0,141.0,0.4676,82.0,0.0,0.6,0.0,0.0,0.0,0.0,0.0,0.0
36.0,:mpc,95.8241,-36.5291,11.6175,65.4863,130.2124,5.9174,0.0,141.0,0.4676,82.0,0.0,0.6,0.0,0.0,0.0,0.0,0.0,0.0
37.0,:mpc,95.8241,-36.531,11.6177,65.4863,130.2124,5.9174,0.0,141.0,0.4676,82.0,0.0,0.6,0.0,0.0,0.0,0.0,0.0,0.0
38.0,:mpc,95.8241,-36.5326,11.6179,65.4863,130.2124,5.9174,0.0,141.0,0.4676,82.0,0.0,0.6,0.0,0.0,0.0,0.0,0.0,0.0
39.0,:mpc,95.8241,-36.5337,11.618,65.4863,130.2124,5.9174,0.0,141.0,0.4676,82.0,0.0,0.6,0.0,0.0,0.0,0.0,0.0,0.0
40.0,:mpc,95.8241,-36.5347,11.6182,65.4864,130.2124,5.9174,0.0,141.0,0.4676,82.0,0.0,0.6,0.0,0.0,0.0,0.0,0.0,0.0
41.0,:mpc,95.8241,-36.5354,11.6182,65.4864,130.2124,5.9174,0.0,141.0,0.4676,82.0,0.0,0.6,0.0,0.0,0.0,0.0,0.0,0.0
42.0,:mpc,95.8241,-36.5359,11.6183,65.4864,130.2124,5.9174,0.0,141.0,0.4676,82.0,0.0,0.6,0.0,0.0,0.0,0.0,0.0,0.0
43.0,:mpc,95.8241,-36.5364,11.6184,65.4864,130.2124,5.9174,0.0,141.0,0.4676,82.0,0.0,0.6,0.0,0.0,0.0,0.0,0.0,0.0
44.0,:mpc,95.8241,-36.5367,11.6184,65.4864,130.2124,5.9174,0.0,141.0,0.4676,82.0,0.0,0.6,0.0,0.0,0.0,0.0,0.0,0.0
45.0,:mpc,95.8241,-36.537,11.6185,65.4864,130.2124,5.9174,0.0,141.0,0.4676,82.0,0.0,0.6,0.0,0.0,0.0,0.0,0.0,0.0
46.0,:mpc,95.8241,-36.5372,11.6185,65.4864,130.2124,5.9174,0.0,141.0,0.4676,82.0,0.0,0.6,0.0,0.0,0.0,0.0,0.0,0.0
47.0,:mpc,95.8241,-36.5374,11.6185,65.4864,130.2124,5.9174,0.0,141.0,0.4676,82.0,0.0,0.6,0.0,0.0,0.0,0.0,0.0,0.0
